{
  "project_info": {
    "project_number": "247976754263",
    "project_id": "organizze-83b95",
    "storage_bucket": "organizze-83b95.appspot.com"
  },
  "client": [
    {
      "client_info": {
        "mobilesdk_app_id": "1:247976754263:android:4995aecd185697e44eb712",
        "android_client_info": {
          "package_name": "com.gezierri.organizze"
        }
      },
      "oauth_client": [
        {
          "client_id": "247976754263-el9iomuehf8p2e9alu8f8pq3g6jhhc1c.apps.googleusercontent.com",
          "client_type": 1,
          "android_info": {
            "package_name": "com.gezierri.organizze",
            "certificate_hash": "0b10a3af8efee9f616d696b1ee7f34532f0f4c97"
          }
        },
        {
          "client_id": "247976754263-e6r34or098ttaukm0c58him22g8e8kcq.apps.googleusercontent.com",
          "client_type": 3
        }
      ],
      "api_key": [
        {
          "current_key": "AIzaSyCF3jiUeGdHGUm115e87HtDBqipH7QzNdc"
        }
      ],
      "services": {
        "appinvite_service": {
          "other_platform_oauth_client": [
            {
              "client_id": "247976754263-e6r34or098ttaukm0c58him22g8e8kcq.apps.googleusercontent.com",
              "client_type": 3
            }
          ]
        }
      }
    }
  ],
  "configuration_version": "1"
}